-- 開発用シード（固定 UUID）。新スキーマ構成（hr/project/staffing_request/work_assignment）向け。

INSERT INTO hr.role (id, name) VALUES
    ('11111111-1111-4111-8111-111111110101', '営業'),
    ('11111111-1111-4111-8111-111111110102', 'PS技術者'),
    ('11111111-1111-4111-8111-111111110103', '開発');

INSERT INTO project.main_status_project (id, name, sort_order) VALUES
    ('22222222-2222-4222-8222-222222220001', '受注・要因確定待ち', 1),
    ('22222222-2222-4222-8222-222222220002', '完了待ち', 2),
    ('22222222-2222-4222-8222-222222220003', 'クローズ待ち', 3);

INSERT INTO project.sub_status_project (id, main_status_id, name, sort_order) VALUES
    ('22222222-2222-4222-8222-222222221011', '22222222-2222-4222-8222-222222220001', '要員予約待ち', 1),
    ('22222222-2222-4222-8222-222222221012', '22222222-2222-4222-8222-222222220001', '要因入力・起票待ち', 2),
    ('22222222-2222-4222-8222-222222221013', '22222222-2222-4222-8222-222222220001', '社内確認・承認待ち', 3),
    ('22222222-2222-4222-8222-222222221014', '22222222-2222-4222-8222-222222220001', '契約・発注手続待ち', 4),
    ('22222222-2222-4222-8222-222222222021', '22222222-2222-4222-8222-222222220002', '参画待ち', 1),
    ('22222222-2222-4222-8222-222222222022', '22222222-2222-4222-8222-222222220002', '稼働中', 2),
    ('22222222-2222-4222-8222-222222222023', '22222222-2222-4222-8222-222222220002', '補充・代替手配待ち', 3),
    ('22222222-2222-4222-8222-222222223031', '22222222-2222-4222-8222-222222220003', '要員リリース済み', 1);

INSERT INTO staffing_request.main_status_staffing_order (id, name, sort_order) VALUES
    ('33333333-3333-4333-8333-333333330001', '確定待ち', 1),
    ('33333333-3333-4333-8333-333333330002', '確定済み', 2),
    ('33333333-3333-4333-8333-333333330003', '不成立済み', 3);

INSERT INTO staffing_request.sub_status_staffing_order (id, main_status_id, name, sort_order) VALUES
    ('33333333-3333-4333-8333-333333331011', '33333333-3333-4333-8333-333333330001', '作成中', 1),
    ('33333333-3333-4333-8333-333333331012', '33333333-3333-4333-8333-333333330001', '承認待ち', 2),
    ('33333333-3333-4333-8333-333333331013', '33333333-3333-4333-8333-333333330001', '差戻し対応待ち', 3),
    ('33333333-3333-4333-8333-333333331014', '33333333-3333-4333-8333-333333330001', '契約待ち', 4),
    ('33333333-3333-4333-8333-333333331015', '33333333-3333-4333-8333-333333330001', '予約完了', 5),
    ('33333333-3333-4333-8333-333333331021', '33333333-3333-4333-8333-333333330002', '顧客合意待ち', 1),
    ('33333333-3333-4333-8333-333333331022', '33333333-3333-4333-8333-333333330002', '予約完了', 2),
    ('33333333-3333-4333-8333-333333331031', '33333333-3333-4333-8333-333333330003', '解放', 1),
    ('33333333-3333-4333-8333-333333331032', '33333333-3333-4333-8333-333333330003', '却下', 2);

INSERT INTO work_assignment.main_status_work_assignment (id, name, sort_order) VALUES
    ('44444444-4444-4444-8444-444444440001', '稼働待ち', 1),
    ('44444444-4444-4444-8444-444444440002', '稼働終了待ち', 2),
    ('44444444-4444-4444-8444-444444440003', '稼働終了', 3),
    ('44444444-4444-4444-8444-444444440004', '無効', 4);

INSERT INTO work_assignment.sub_status_work_assignment (id, main_status_id, name, sort_order) VALUES
    ('44444444-4444-4444-8444-444444441011', '44444444-4444-4444-8444-444444440001', '開始日待ち', 1),
    ('44444444-4444-4444-8444-444444441012', '44444444-4444-4444-8444-444444440001', '準備中', 2),
    ('44444444-4444-4444-8444-444444441021', '44444444-4444-4444-8444-444444440002', '稼働中', 1),
    ('44444444-4444-4444-8444-444444441022', '44444444-4444-4444-8444-444444440002', '更新確認中', 2),
    ('44444444-4444-4444-8444-444444441031', '44444444-4444-4444-8444-444444440003', '稼働終了', 1),
    ('44444444-4444-4444-8444-444444441032', '44444444-4444-4444-8444-444444440003', '途中離脱', 2),
    ('44444444-4444-4444-8444-444444441041', '44444444-4444-4444-8444-444444440004', '詳細・未定', 1);

INSERT INTO hr.status_staff (id, name, sort_order) VALUES
    ('55555555-5555-4555-8555-555555550001', '起用前', 1),
    ('55555555-5555-4555-8555-555555550002', '在職中', 2),
    ('55555555-5555-4555-8555-555555550003', '休職中', 3),
    ('55555555-5555-4555-8555-555555550004', '退職済', 4);

INSERT INTO hr.staff (id, display_name, role_id, staff_category) VALUES
    ('11111111-1111-4111-8111-111111110201', 'シード営業', '11111111-1111-4111-8111-111111110101', 'Employee'),
    ('11111111-1111-4111-8111-111111110202', 'シードPS', '11111111-1111-4111-8111-111111110102', 'Employee');

INSERT INTO hr.employee (id, staff_id, name, number, grade, role_id) VALUES
    ('11111111-1111-4111-8111-111111110301', '11111111-1111-4111-8111-111111110201', '山田 営業', 2001, NULL, '11111111-1111-4111-8111-111111110101'),
    ('11111111-1111-4111-8111-111111110302', '11111111-1111-4111-8111-111111110202', '佐藤 技術', 2002, NULL, '11111111-1111-4111-8111-111111110102');

INSERT INTO project.customer (id, name) VALUES
    ('77777777-7777-4777-8777-777777770101', '顧客A株式会社');

INSERT INTO project.acl_employee_sales (employee_id, name, source_updated_at)
SELECT e.id, e.name, e.updated_at
FROM hr.employee e
WHERE e.id IN (
  '11111111-1111-4111-8111-111111110301',
  '11111111-1111-4111-8111-111111110302'
);

INSERT INTO project.acl_customer (customer_id, name, source_updated_at)
SELECT c.id, c.name, c.updated_at
FROM project.customer c
WHERE c.id = '77777777-7777-4777-8777-777777770101';
