-- トランザクション系シミュレーション（seed.sql のマスタ・基礎スタッフの後に実行）
-- シナリオ: (1) 確定待ち×予約完了→稼働割当 稼働待ち×開始日待ち
--          (2) 不成立×解放の予約のみ
--          (3) 確定済み×顧客合意待ちの予約に紐づく稼働割当「無効」
--          (4) staff_status 履歴

-- ---------------------------------------------------------------------------
-- 取引先担当（Business_Partner）サンプル
-- ---------------------------------------------------------------------------
INSERT INTO hr.staff (id, display_name, role_id, staff_category) VALUES
    ('11111111-1111-4111-8111-111111110203', 'シードBP', '11111111-1111-4111-8111-111111110103', 'Business_Partner');

INSERT INTO hr.business_partner (id, staff_id, name, number, role_id) VALUES
    ('11111111-1111-4111-8111-111111110401', '11111111-1111-4111-8111-111111110203', '外注太郎', 9001, '11111111-1111-4111-8111-111111110103');

-- ---------------------------------------------------------------------------
-- プロジェクト
-- ---------------------------------------------------------------------------
INSERT INTO project.project (
    id,
    name,
    sales_employee_id,
    customer_id,
    description,
    period_start,
    period_end,
    attachments,
    main_status_id,
    sub_status_id
) VALUES (
    '66666666-6666-4666-8666-666666660001',
    'シミュレーション案件A',
    '11111111-1111-4111-8111-111111110301',
    '77777777-7777-4777-8777-777777770101',
    'シミュレーション用: 受注・要因確定待ち／要員予約待ち',
    '2026-04-01',
    '2026-12-31',
    NULL,
    '22222222-2222-4222-8222-222222220001',
    '22222222-2222-4222-8222-222222221011'
);

-- ---------------------------------------------------------------------------
-- 予約 StaffingOrder
-- ---------------------------------------------------------------------------
INSERT INTO staffing_request.staffing_order (
    id,
    project_id,
    period_start,
    period_end,
    description,
    attachments,
    total_amount,
    main_status_id,
    sub_status_id
) VALUES
    (
        '66666666-6666-4666-8666-666666661001',
        '66666666-6666-4666-8666-666666660001',
        '2026-05-01',
        '2026-12-31',
        '確定待ち→予約完了（稼働割当生成想定）',
        NULL,
        12000000,
        '33333333-3333-4333-8333-333333330001',
        '33333333-3333-4333-8333-333333331015'
    ),
    (
        '66666666-6666-4666-8666-666666661002',
        '66666666-6666-4666-8666-666666660001',
        '2026-06-01',
        '2026-08-31',
        '不成立（解放）',
        NULL,
        0,
        '33333333-3333-4333-8333-333333330003',
        '33333333-3333-4333-8333-333333331031'
    ),
    (
        '66666666-6666-4666-8666-666666661003',
        '66666666-6666-4666-8666-666666660001',
        '2026-07-01',
        '2026-12-31',
        '確定済み×顧客合意待ち（無効WA用）',
        NULL,
        8000000,
        '33333333-3333-4333-8333-333333330002',
        '33333333-3333-4333-8333-333333331021'
    );

-- ---------------------------------------------------------------------------
-- 予約リソース（要員・ロール）と月次
-- ---------------------------------------------------------------------------
INSERT INTO staffing_request.staffing_order_item (staffing_order_id, staff_id, role_id, amount) VALUES
    ('66666666-6666-4666-8666-666666661001', '11111111-1111-4111-8111-111111110202', '11111111-1111-4111-8111-111111110102', 80),
    ('66666666-6666-4666-8666-666666661003', '11111111-1111-4111-8111-111111110202', '11111111-1111-4111-8111-111111110102', 40);

INSERT INTO staffing_request.staffing_order_item_monthly_allocation (staffing_order_id, staff_id, year_month, effort) VALUES
    ('66666666-6666-4666-8666-666666661001', '11111111-1111-4111-8111-111111110202', '2026-05-01', 0.4),
    ('66666666-6666-4666-8666-666666661001', '11111111-1111-4111-8111-111111110202', '2026-06-01', 0.5),
    ('66666666-6666-4666-8666-666666661003', '11111111-1111-4111-8111-111111110202', '2026-07-01', 0.25);

-- ---------------------------------------------------------------------------
-- 稼働割当 WorkAssignment と月次
-- ---------------------------------------------------------------------------
INSERT INTO work_assignment.work_assignment (
    id,
    staffing_order_id,
    project_id,
    staff_id,
    period_start,
    period_end,
    main_status_id,
    sub_status_id
) VALUES
    (
        '66666666-6666-4666-8666-666666662001',
        '66666666-6666-4666-8666-666666661001',
        '66666666-6666-4666-8666-666666660001',
        '11111111-1111-4111-8111-111111110202',
        '2026-05-01',
        '2026-12-31',
        '44444444-4444-4444-8444-444444440001',
        '44444444-4444-4444-8444-444444441011'
    ),
    (
        '66666666-6666-4666-8666-666666662002',
        '66666666-6666-4666-8666-666666661003',
        '66666666-6666-4666-8666-666666660001',
        '11111111-1111-4111-8111-111111110202',
        '2026-07-01',
        '2026-12-31',
        '44444444-4444-4444-8444-444444440004',
        '44444444-4444-4444-8444-444444441041'
    );

INSERT INTO work_assignment.work_assignment_monthly_allocation (work_assignment_id, year_month, effort) VALUES
    ('66666666-6666-4666-8666-666666662001', '2026-05-01', 0.4),
    ('66666666-6666-4666-8666-666666662001', '2026-06-01', 0.5),
    ('66666666-6666-4666-8666-666666662002', '2026-07-01', 0.25);

-- ---------------------------------------------------------------------------
-- スタッフ状態履歴
-- ---------------------------------------------------------------------------
INSERT INTO hr.staff_status (
    id,
    staff_id,
    status_id,
    status_period_start,
    status_period_end,
    status_valid_period_start,
    status_valid_period_end
) VALUES (
    '66666666-6666-4666-8666-666666663001',
    '11111111-1111-4111-8111-111111110202',
    '55555555-5555-4555-8555-555555550002',
    '2026-01-01',
    NULL,
    '2026-01-01',
    NULL
);
